{
  "variables": {
    "tag_no": "tag_no",
    "build_script": "build_script",
    "applications": "phpapp",
    "ecr_region": "us-west-2",
    "ecr_account": "260822065125"
  },
  "builders": [
    {
      "type": "docker",
      "image": "php:7",
      "commit": "true"
    }
  ],
  "post-processors": [
    [
      {
        "type": "docker-tag",
        "repository": "{{user `ecr_account`}}.dkr.ecr.{{user `ecr_region`}}.amazonaws.com/{{user `applications`}}",
        "tag": "{{user `tag_no`}}"
      },
      {
        "type": "docker-push",
        "login_server": "https://{{user `ecr_account`}}.dkr.ecr.{{user `ecr_region`}}.amazonaws.com/"
      }
    ],
      {
        "type": "shell-local",
        "inline": ["docker rmi {{user `ecr_account`}}.dkr.ecr.{{user `ecr_region`}}.amazonaws.com/{{user `applications`}}:{{user `tag_no`}}"]
      }
  ]
}
