{
  "variables": {
    "tag_no": "tag_no",
    "build_script": "build_script",
    "applications": "reactapp",
    "ecr_region": "us-west-2",
    "ecr_account": "260822065125"
  },
  "builders": [
    {
      "type": "docker",
      "image": "node:9.6.1",
      "run_command": ["-d", "-i", "-t", "{{.Image}}", "/bin/sh"],
      "commit": "true",
      "changes": [
       "WORKDIR /{{user `applications`}}",
       "ENTRYPOINT ./dev-startup.sh"
      ]
    }
  ],
  "provisioners":[
     {
    "type": "shell",
    "inline": ["mkdir /{{user `applications`}}"]
    },
     {
      "type": "file",
      "source": "../{{user `applications`}}/",
      "destination": "/{{user `applications`}}"
    },
    {
    "type": "shell",
    "script": "build_script/{{user `applications`}}.sh",
    "environment_vars":[
      "APPLICATION={{user `applications`}}"
    ]
    }],
  "post-processors": [
    [
      {
        "type": "docker-tag",
        "repository": "{{user `ecr_account`}}.dkr.ecr.{{user `ecr_region`}}.amazonaws.com/{{user `applications`}}",
        "tag": "{{user `tag_no`}}"
      },
      {
        "type": "docker-push",
        "login_server": "https://{{user `ecr_account`}}.dkr.ecr.{{user `ecr_region`}}.amazonaws.com/"
      }
    ],
      {
        "type": "shell-local",
        "inline": ["docker rmi {{user `ecr_account`}}.dkr.ecr.{{user `ecr_region`}}.amazonaws.com/{{user `applications`}}:{{user `tag_no`}}"]
      }
  ]
}
