{
    "family": "%FAMILY-NAME%",
    "requiresCompatibilities": [
        "FARGATE"
    ], 
    "cpu": "%CPU%",
    "memory": "%MEMORY%",
    "networkMode": "awsvpc", 
    "executionRoleArn":"arn:aws:iam::260822065125:role/ecsTaskExecutionRole",
    "taskRoleArn": "arn:aws:iam::260822065125:role/%TASK_ROLE_NAME%",
    "containerDefinitions": [
    {
      "image": "%REPOSITORY_NAME%/%IMAGE_NAME%",
      "name": "%FAMILY-NAME%",
      "essential": true,
      %TASK_DEFINATION_PARAMETER_UPDATE%
      "portMappings": [
        {
          "containerPort": %CONTAINER_PORT%,
          "hostPort": %HOST_PORT%
        }
      ],
      "logConfiguration": {
        "logDriver": "awslogs",
        "options": {
          "awslogs-group": "/ecs/%ENVIRONMENT%-container-log",
          "awslogs-region": "%REGION%",
          "awslogs-stream-prefix": "%HOST_NAME%"
        }
      },
      "environment": [
        {
          "name": "APPLICATION",
          "value": "%APPLICATION%"
        },
        {
          "name": "ENVIRONMENT",
          "value": "%ENVIRONMENT%"
        },
        {
          "name": "HOSTED_ZONE",
          "value": "%HOSTED_ZONE%"
        },{
          "name": "SERVER_NAME",
          "value": "%HOST_NAME%-fargate"
        },
        {
          "name": "xpack.security.enabled",
          "value": "false"
        },
        {
          "name": "xpack.monitoring.enabled",
          "value": "false"
        },
        {
          "name": "POSTGRES_DB_HOST",
          "value": "%ENVIRONMENT%-postgres.%HOSTED_ZONE%"
        },
        {
          "name": "POSTGRES_DB_PORT",
          "value": "5432"
        },
        {
          "name": "POSTGRES_DB",
          "value": "%ENVIRONMENT%_postgres"
        },
        {
          "name": "POSTGRES_USER",
          "value": "postgres"
        },
        {
          "name": "POSTGRES_PASSWORD",
          "value": "example"
        },
        {
          "name": "ELASTICSEARCH_URL",
          "value": "%ENVIRONMENT%-elasticsearch.%HOSTED_ZONE%:9200"
        },
        {
          "name": "REDIS_SIDEKIQ_URL",
          "value": "redis://%ENVIRONMENT%-redis.%HOSTED_ZONE%:6379/0"
        },
        {
          "name": "REDIS_CABLE_URL",
          "value": "redis://%ENVIRONMENT%-redis.%HOSTED_ZONE%:6379/1"
        },
        {
          "name": "MEMCACHED_HOST",
          "value": "%ENVIRONMENT%-memcached.%HOSTED_ZONE%"
        },
        {
          "name": "ES_JAVA_OPTS",
          "value": "-Xms512m -Xmx512m"
        }

      ]
    }
  ]
}


