{
    "family": "%FAMILY-NAME%",
    "requiresCompatibilities": [
        "FARGATE"
    ], 
    "cpu": "%CPU%",
    "memory": "%MEMORY%",
    "networkMode": "awsvpc", 
    "executionRoleArn":"arn:aws:iam::765528392762:role/ecsTaskExecutionRole",
    "taskRoleArn": "arn:aws:iam::765528392762:role/%TASK_ROLE_NAME%",
    "containerDefinitions": [
    {
      "image": "%REPOSITORY_NAME%/%IMAGE_NAME%",
      "name": "%FAMILY-NAME%",
      "essential": true,
      %TASK_DEFINATION_PARAMETER_UPDATE%
      "portMappings": [
        {
          "containerPort": %CONTAINER_PORT%,
          "hostPort": %HOST_PORT%
        }
      ],
      "logConfiguration": {
        "logDriver": "awslogs",
        "options": {
          "awslogs-group": "/ecs/%ENVIRONMENT%-container-log",
          "awslogs-region": "%REGION%",
          "awslogs-stream-prefix": "%HOST_NAME%"
        }
      },
      "environment": [
        {
          "name": "APPLICATION",
          "value": "%APPLICATION%"
        },
        {
          "name": "ENVIRONMENT",
          "value": "%ENVIRONMENT%"
        },
        {
          "name": "HOSTED_ZONE",
          "value": "%HOSTED_ZONE%"
        },{
          "name": "SERVER_NAME",
          "value": "%HOST_NAME%-fargate"
        },{
          "name": "APP_KEY",
          "value": "base64:BkaWxCpWsCBJ5EtfPx844nuDVmX8uJEFjj9Rmo5dfec="
        }
      ]
    }
  ]
}


